City_ID,City,Country,Date,Lat,Lng,Max Temp,Humidity,Cloudiness,Wind Speed
0,Katsuura,JP,2020-09-29 13:47:11,35.13,140.3,66.2,68,75,14.99
1,Kita,ML,2020-09-29 13:48:13,13.03,-9.49,89.94,56,9,8.12
2,Bredasdorp,ZA,2020-09-29 13:43:58,-34.53,20.04,64.4,45,40,17.22
3,Kapaa,US,2020-09-29 13:46:56,22.08,-159.32,73.4,88,1,6.93
4,Ushuaia,AR,2020-09-29 13:46:47,-54.8,-68.3,33.8,74,75,18.34
5,Airai,TL,2020-09-29 13:47:05,-8.93,125.41,59.79,94,50,2.8
6,Saldanha,ZA,2020-09-29 13:47:22,-33.01,17.94,64.4,64,40,17.22
7,Mezen,RU,2020-09-29 13:48:13,65.85,44.24,50.47,81,1,5.82
8,Viedma,AR,2020-09-29 13:45:21,-40.81,-63.0,62.01,46,100,5.01
9,Mataura,NZ,2020-09-29 13:46:59,-46.19,168.86,39.99,84,95,10.0
10,Muskogee,US,2020-09-29 13:45:29,35.58,-95.33,53.01,93,1,7.0
11,Vaini,TO,2020-09-29 13:47:10,-21.2,-175.2,73.4,100,75,5.82
12,Hambantota,LK,2020-09-29 13:46:45,6.12,81.12,80.6,88,20,6.93
13,Puerto Ayora,EC,2020-09-29 13:46:58,-0.74,-90.35,68.0,92,100,5.99
14,Prince Rupert,CA,2020-09-29 13:48:14,54.32,-130.32,50.0,100,90,3.36
15,Poum,NC,2020-09-29 13:48:15,-20.23,164.02,69.91,75,63,20.62
16,Nyazepetrovsk,RU,2020-09-29 13:44:38,56.05,59.6,50.77,90,69,2.21
17,Sabha,LY,2020-09-29 13:48:15,27.04,14.43,103.35,9,0,13.94
18,Smyrna,US,2020-09-29 13:48:15,33.88,-84.51,60.01,87,90,10.29
19,Berlevag,NO,2020-09-29 13:48:15,70.86,29.09,59.0,67,0,11.41
20,Knysna,ZA,2020-09-29 13:43:22,-34.04,23.05,59.0,58,20,10.29
21,Pokaran,IN,2020-09-29 13:48:16,26.92,71.92,94.71,26,85,9.17
22,Dembi Dolo,ET,2020-09-29 13:48:16,8.53,34.8,66.81,100,94,3.49
23,Aklavik,CA,2020-09-29 13:48:17,68.22,-135.01,33.8,100,90,2.24
24,Port Alfred,ZA,2020-09-29 13:43:57,-33.59,26.89,62.19,63,2,21.68
25,Vila Franca Do Campo,PT,2020-09-29 13:48:17,37.72,-25.43,69.8,77,40,16.11
26,Port Blair,IN,2020-09-29 13:48:17,11.67,92.75,81.14,80,100,18.72
27,Carutapera,BR,2020-09-29 13:48:17,-1.2,-46.02,87.8,56,0,10.09
28,Hobart,AU,2020-09-29 13:44:16,-42.88,147.33,53.01,62,100,9.17
29,Albany,US,2020-09-29 13:46:48,42.6,-73.97,70.0,84,61,10.87
30,Adrar,MR,2020-09-29 13:46:49,20.5,-10.07,97.7,16,0,5.44
31,Aripuana,BR,2020-09-29 13:45:12,-9.17,-60.63,101.55,32,0,0.67
32,Thompson,CA,2020-09-29 13:45:06,55.74,-97.86,42.8,100,90,3.36
33,Cape Town,ZA,2020-09-29 13:46:53,-33.93,18.42,66.0,45,20,19.46
34,Sarankhola,BD,2020-09-29 13:48:18,22.31,89.79,81.43,88,72,4.9
35,Margate,GB,2020-09-29 13:46:10,51.38,1.39,63.0,82,66,4.0
36,Avarua,CK,2020-09-29 13:46:57,-21.21,-159.78,73.4,83,57,14.99
37,Klaksvik,FO,2020-09-29 13:48:19,62.23,-6.59,50.0,93,54,14.99
38,Umm Lajj,SA,2020-09-29 13:46:46,25.02,37.27,92.44,44,0,11.41
39,Hami,CN,2020-09-29 13:46:01,42.8,93.45,58.68,34,100,26.08
40,Scarborough,GB,2020-09-29 13:48:19,54.28,-0.4,62.01,75,0,1.01
41,Qaanaaq,GL,2020-09-29 13:47:16,77.48,-69.36,15.26,79,60,5.3
42,Tombouctou,ML,2020-09-29 13:48:20,20.0,-3.0,105.04,8,0,2.44
43,Edd,ER,2020-09-29 13:48:20,13.93,41.69,91.6,59,1,7.2
44,Victoria,HK,2020-09-29 13:44:33,22.29,114.16,82.99,83,28,11.1
45,Rikitea,PF,2020-09-29 13:46:54,-23.12,-134.97,70.12,80,100,20.33
46,Nome,US,2020-09-29 13:48:20,64.5,-165.41,37.99,86,90,5.82
47,Gazli,UZ,2020-09-29 13:48:21,40.13,63.45,60.84,29,4,11.36
48,Punta Arenas,CL,2020-09-29 13:44:23,-53.15,-70.92,35.6,64,90,26.4
49,Stykkisholmur,IS,2020-09-29 13:48:21,65.08,-22.73,36.19,91,96,10.0
50,Barrow,US,2020-09-29 13:47:21,71.29,-156.79,33.8,86,90,8.05
51,Gazanjyk,TM,2020-09-29 13:48:22,39.24,55.52,64.92,26,0,8.95
52,Saint-Leu,RE,2020-09-29 13:48:22,-21.15,55.28,75.99,73,31,13.87
53,Alofi,NU,2020-09-29 13:48:22,-19.06,-169.92,75.2,88,75,4.7
54,Camana,PE,2020-09-29 13:48:22,-16.62,-72.71,66.51,62,62,10.42
55,Kodiak,US,2020-09-29 13:44:10,57.79,-152.41,39.2,93,40,6.93
56,Nsanje,MW,2020-09-29 13:48:23,-16.92,35.26,103.32,16,9,9.69
57,Faya,SA,2020-09-29 13:47:09,18.39,42.45,84.2,11,20,18.34
58,Bluff,NZ,2020-09-29 13:46:51,-46.6,168.33,39.99,84,91,10.0
59,Hobyo,SO,2020-09-29 13:48:23,5.35,48.53,79.65,77,2,19.66
60,Yatou,CN,2020-09-29 13:48:24,37.15,122.38,62.8,88,53,10.67
61,Torbay,CA,2020-09-29 13:47:20,47.67,-52.73,69.01,88,75,25.28
62,Sitka,US,2020-09-29 13:45:28,57.05,-135.33,46.4,87,75,4.7
63,Linxia,CN,2020-09-29 13:48:24,35.6,103.21,61.09,55,93,6.96
64,Salalah,OM,2020-09-29 13:47:19,17.02,54.09,82.4,74,20,13.87
65,Biscarrosse,FR,2020-09-29 13:48:25,44.39,-1.17,66.2,63,90,4.7
66,Asau,RO,2020-09-29 13:48:25,46.43,26.4,64.4,77,20,5.82
67,Chokurdakh,RU,2020-09-29 13:47:05,70.63,147.92,35.22,90,0,5.7
68,Severo-Kurilsk,RU,2020-09-29 13:45:53,50.68,156.12,49.15,82,35,10.16
69,Yellowknife,CA,2020-09-29 13:45:07,62.46,-114.35,42.8,87,75,13.87
70,Talaya,RU,2020-09-29 13:48:25,61.38,152.75,38.37,81,100,5.77
71,Stepnyak,KZ,2020-09-29 13:48:26,52.83,70.78,43.61,62,0,6.8
72,San Cristobal,VE,2020-09-29 13:47:25,7.77,-72.22,82.4,58,20,21.92
73,Vestmannaeyjar,IS,2020-09-29 13:48:26,63.44,-20.27,44.6,87,90,11.41
74,Lazaro Cardenas,MX,2020-09-29 13:45:52,17.96,-102.2,78.24,78,93,7.52
75,Yerbogachen,RU,2020-09-29 13:48:26,61.28,108.01,29.82,88,90,3.87
76,Butaritari,KI,2020-09-29 13:47:08,3.07,172.79,81.72,77,89,16.44
77,Arezzo,IT,2020-09-29 13:48:27,43.47,11.87,70.0,59,41,4.34
78,Saint-Philippe,RE,2020-09-29 13:46:49,-21.36,55.77,75.99,73,47,13.87
79,Derzhavinsk,KZ,2020-09-29 13:48:27,51.1,66.32,56.82,59,9,8.68
80,Balad,IQ,2020-09-29 13:48:28,34.02,44.15,100.72,10,0,13.6
81,Pacific Grove,US,2020-09-29 13:48:28,36.62,-121.92,57.2,100,90,1.77
82,Tuktoyaktuk,CA,2020-09-29 13:47:11,69.45,-133.04,33.8,98,90,6.93
83,Ejido,VE,2020-09-29 13:48:28,8.55,-71.24,76.69,52,68,5.55
84,Cheney,US,2020-09-29 13:47:28,47.49,-117.58,46.4,81,1,5.82
85,Kaitangata,NZ,2020-09-29 13:47:26,-46.28,169.85,37.99,72,74,10.0
86,Narsaq,GL,2020-09-29 13:45:17,60.92,-46.05,33.8,47,5,2.24
87,Bambous Virieux,MU,2020-09-29 13:48:29,-20.34,57.76,75.2,78,75,8.05
88,Bollnas,SE,2020-09-29 13:48:29,61.35,16.39,56.43,82,100,1.92
89,Sinazongwe,ZM,2020-09-29 13:48:29,-17.26,27.46,92.28,32,17,10.13
90,Lamu,KE,2020-09-29 13:44:41,-2.27,40.9,80.02,73,74,13.4
91,New Norfolk,AU,2020-09-29 13:44:22,-42.78,147.06,52.0,56,100,3.31
92,Merritt Island,US,2020-09-29 13:48:30,28.54,-80.67,82.99,88,75,5.82
93,Kintinku,TZ,2020-09-29 13:48:30,-5.88,35.23,84.2,39,40,11.41
94,Meridian,US,2020-09-29 13:48:30,43.61,-116.39,51.8,75,0,3.36
95,Upernavik,GL,2020-09-29 13:47:00,72.79,-56.15,23.74,85,88,5.5
96,Casimiro De Abreu,BR,2020-09-29 13:48:30,-22.48,-42.2,82.4,83,40,9.17
97,Iqaluit,CA,2020-09-29 13:47:33,63.75,-68.51,21.2,79,20,8.05
98,Hitachi,JP,2020-09-29 13:44:22,36.6,140.65,64.99,65,100,13.38
99,Shangrao,CN,2020-09-29 13:48:31,28.45,117.97,65.98,95,100,0.22
100,Hermanus,ZA,2020-09-29 13:47:03,-34.42,19.23,64.0,54,8,4.0
101,Busselton,AU,2020-09-29 13:47:17,-33.65,115.33,60.01,76,97,10.27
102,Esperance,AU,2020-09-29 13:46:53,-33.87,121.9,59.0,93,100,9.17
103,Pevek,RU,2020-09-29 13:47:13,69.7,170.31,39.43,72,100,17.92
104,Jaca,ES,2020-09-29 13:48:31,42.57,-0.55,71.01,40,99,4.12
105,Port Macquarie,AU,2020-09-29 13:47:59,-31.43,152.92,52.0,81,40,4.7
106,Bethel,US,2020-09-29 13:48:32,41.37,-73.41,69.01,93,90,4.7
107,Turbat,PK,2020-09-29 13:48:32,26.0,63.04,85.93,53,0,8.68
108,Safford,US,2020-09-29 13:46:32,32.83,-109.71,60.8,26,1,8.05
109,Luderitz,NA,2020-09-29 13:48:32,-26.65,15.16,69.89,34,0,30.8
110,Carnarvon,AU,2020-09-29 13:48:33,-24.87,113.63,68.0,77,0,17.22
111,Velingara,SN,2020-09-29 13:48:33,13.15,-14.12,93.54,56,61,2.33
112,San Patricio,MX,2020-09-29 13:44:51,19.22,-104.7,78.8,94,75,4.16
113,Beni Mazar,EG,2020-09-29 13:48:33,28.5,30.8,104.95,13,0,22.01
114,Nemuro,JP,2020-09-29 13:45:34,43.32,145.57,58.5,88,100,11.01
115,Georgetown,MY,2020-09-29 13:48:34,5.41,100.34,84.2,79,20,4.7
116,Killarney,IE,2020-09-29 13:46:52,52.05,-9.52,59.0,72,75,10.29
117,Lixourion,GR,2020-09-29 13:48:34,38.2,20.43,77.0,69,40,16.11
118,Vardo,NO,2020-09-29 13:47:07,70.37,31.11,51.8,87,40,33.33
119,Shingu,JP,2020-09-29 13:48:35,33.73,135.98,65.61,81,55,4.85
120,Dapaong,TG,2020-09-29 13:48:35,10.86,0.2,84.18,62,57,8.19
121,Arraial Do Cabo,BR,2020-09-29 13:47:21,-22.97,-42.03,78.8,78,40,8.05
122,Castro,BR,2020-09-29 13:46:34,-24.79,-50.01,76.87,64,57,5.82
123,Tuatapere,NZ,2020-09-29 13:48:36,-46.13,167.68,39.99,84,93,10.0
124,Auki,SB,2020-09-29 13:48:36,-8.77,160.7,76.03,83,85,3.62
125,Ponta Do Sol,PT,2020-09-29 13:47:08,32.67,-17.1,72.0,61,100,5.99
126,Pelotas,BR,2020-09-29 13:44:00,-31.77,-52.34,64.99,58,0,3.0
127,Sao Filipe,CV,2020-09-29 13:47:24,14.9,-24.5,80.73,73,22,11.7
128,Aykhal,RU,2020-09-29 13:47:29,66.0,111.5,24.8,92,90,8.95
129,Konibodom,TJ,2020-09-29 13:48:37,40.28,70.44,60.8,48,75,17.9
130,Atuona,PF,2020-09-29 13:47:18,-9.8,-139.03,77.27,74,0,19.95
131,Saint George,US,2020-09-29 13:46:59,37.1,-113.58,57.99,22,1,6.93
132,Guerrero Negro,MX,2020-09-29 13:48:37,27.98,-114.06,73.08,72,0,4.94
133,Shimoda,JP,2020-09-29 13:48:38,34.67,138.95,61.0,76,100,3.0
134,Bowen,AU,2020-09-29 13:48:38,-20.02,148.23,66.2,77,40,4.7
135,Nikolskoye,RU,2020-09-29 13:48:38,59.7,30.79,55.99,82,90,4.47
136,Katobu,ID,2020-09-29 13:48:38,-4.94,122.53,75.88,88,52,4.38
137,Pafos,CY,2020-09-29 13:48:39,34.77,32.42,91.0,70,20,17.22
138,Jamestown,US,2020-09-29 13:46:25,42.1,-79.24,55.99,93,90,10.29
139,Jackson,US,2020-09-29 13:47:07,42.42,-122.83,55.4,54,1,2.89
140,Lethem,GY,2020-09-29 13:48:39,3.38,-59.8,87.53,55,41,11.56
141,Warburton,PK,2020-09-29 13:48:39,31.55,73.83,89.6,43,0,3.36
142,Port Elizabeth,ZA,2020-09-29 13:44:55,-33.92,25.57,64.4,55,40,23.04
143,Mayo,US,2020-09-29 13:48:39,38.89,-76.51,73.99,100,90,6.93
144,Buchanan,LR,2020-09-29 13:48:40,5.88,-10.05,86.0,79,75,11.41
145,Port-Gentil,GA,2020-09-29 13:48:40,-0.72,8.78,86.0,62,20,12.75
146,Kruisfontein,ZA,2020-09-29 13:48:40,-34.0,24.73,63.0,47,0,11.99
147,Nazarovo,RU,2020-09-29 13:48:41,56.01,90.39,33.3,92,100,6.8
148,Antofagasta,CL,2020-09-29 13:48:41,-23.65,-70.4,59.0,72,90,4.7
149,Hilo,US,2020-09-29 13:42:45,19.73,-155.09,71.6,60,1,5.82
150,Ganzhou,CN,2020-09-29 13:48:41,28.82,115.43,67.21,93,100,3.24
151,Ridgecrest,US,2020-09-29 13:48:42,35.62,-117.67,70.0,26,0,1.68
152,Cururupu,BR,2020-09-29 13:48:42,-1.83,-44.87,83.71,68,89,7.45
153,Bengkulu,ID,2020-09-29 13:44:20,-3.8,102.27,78.28,87,2,12.91
154,Acacoyagua,MX,2020-09-29 13:48:42,15.35,-92.65,75.2,100,75,2.24
155,Adilabad,IN,2020-09-29 13:48:42,19.67,78.53,78.19,83,100,4.92
156,Teya,RU,2020-09-29 13:48:43,60.38,92.63,30.06,95,18,4.05
157,Menongue,AO,2020-09-29 13:48:43,-14.66,17.69,98.42,9,8,7.87
158,Tessalit,ML,2020-09-29 13:44:56,20.2,1.01,104.11,10,65,10.16
159,Zaysan,KZ,2020-09-29 13:48:43,47.47,84.87,41.94,64,14,5.26
160,Dingle,PH,2020-09-29 13:47:13,11.0,122.67,76.75,88,100,2.91
161,Lyngseidet,NO,2020-09-29 13:48:44,69.58,20.22,59.0,62,42,4.7
162,Buin,CL,2020-09-29 13:48:44,-33.73,-70.75,52.0,87,90,4.76
163,Meiktila,MM,2020-09-29 13:48:45,20.87,95.87,80.94,79,87,4.81
164,Preili,LV,2020-09-29 13:48:45,56.29,26.72,61.05,60,11,3.67
165,Saint Anthony,US,2020-09-29 13:45:05,45.02,-93.22,51.01,81,40,4.7
166,Gravdal,NO,2020-09-29 13:48:45,68.12,13.5,53.6,93,75,10.29
167,Estacion Coahuila,MX,2020-09-29 13:48:46,32.19,-115.0,73.0,17,5,4.7
168,Skagen,DK,2020-09-29 13:48:46,57.72,10.58,60.8,77,75,11.41
169,Port Hardy,CA,2020-09-29 13:48:46,50.7,-127.42,51.8,100,90,2.24
170,Touros,BR,2020-09-29 13:45:56,-5.2,-35.46,84.2,62,40,13.87
171,Westport,US,2020-09-29 13:42:03,41.14,-73.36,70.0,88,90,4.7
172,Port Lincoln,AU,2020-09-29 13:48:51,-34.73,135.87,53.62,85,7,12.35
173,Estelle,US,2020-09-29 13:48:51,29.85,-90.11,68.0,72,75,6.93
174,Magdagachi,RU,2020-09-29 13:48:51,53.45,125.8,38.73,76,0,2.3
175,Diego De Almagro,CL,2020-09-29 13:48:52,-26.37,-70.05,69.06,24,0,5.48
176,Lagoa,PT,2020-09-29 13:47:18,39.05,-27.98,66.34,67,4,12.77
177,Vila Velha,BR,2020-09-29 13:46:42,-20.33,-40.29,86.0,58,1,5.82
178,Tasiilaq,GL,2020-09-29 13:44:35,65.61,-37.64,33.8,80,75,10.29
179,Manta,EC,2020-09-29 13:45:39,-0.95,-80.73,69.8,88,90,11.41
180,Imbituba,BR,2020-09-29 13:47:15,-28.24,-48.67,69.8,64,75,4.7
181,Malvern,US,2020-09-29 13:48:52,34.36,-92.81,52.0,87,1,3.36
182,Moerai,PF,2020-09-29 13:48:53,-22.43,-151.33,70.65,71,59,18.37
183,Hofn,IS,2020-09-29 13:46:55,64.25,-15.21,48.15,81,100,13.27
184,Ulladulla,AU,2020-09-29 13:48:53,-35.35,150.47,50.0,87,100,3.36
185,Sur,OM,2020-09-29 13:44:05,22.57,59.53,87.46,50,0,4.83
186,Saint-Augustin,CA,2020-09-29 13:48:53,51.23,-58.65,61.14,91,100,14.5
187,Namibe,AO,2020-09-29 13:46:50,-15.2,12.15,71.6,68,20,11.41
188,Codrington,AU,2020-09-29 13:48:54,-38.27,141.97,54.68,88,100,4.34
189,Nouakchott,MR,2020-09-29 13:44:23,18.09,-15.98,96.8,26,0,2.24
190,Lorengau,PG,2020-09-29 13:46:57,-2.02,147.27,82.18,76,57,8.61
191,Vostok,RU,2020-09-29 13:48:54,46.49,135.88,40.1,98,33,3.27
192,Bonfim,BR,2020-09-29 13:48:55,3.08,-59.95,88.16,53,23,8.68
193,Ionia,US,2020-09-29 13:48:55,42.99,-85.07,54.0,87,1,8.05
194,Dubbo,AU,2020-09-29 13:48:55,-32.25,148.62,55.4,62,100,14.99
195,Kwinana,AU,2020-09-29 13:48:56,-32.25,115.77,64.99,93,75,6.93
196,Comandau,RO,2020-09-29 13:48:56,45.77,26.27,66.99,88,97,5.01
197,Encarnacion,PY,2020-09-29 13:48:56,-27.33,-55.9,73.4,52,27,6.93
198,Radishchevo,RU,2020-09-29 13:48:56,52.85,47.88,59.49,49,100,6.49
199,Fortuna,US,2020-09-29 13:46:50,40.6,-124.16,62.01,58,90,11.41
200,Dali,CN,2020-09-29 13:48:57,25.7,100.18,64.27,83,9,4.43
201,Sakakah,SA,2020-09-29 13:48:57,29.97,40.21,98.6,10,0,16.11
202,Huarmey,PE,2020-09-29 13:48:57,-10.07,-78.15,65.61,71,27,5.68
203,Kirakira,SB,2020-09-29 13:48:58,-10.45,161.92,77.9,80,7,5.82
204,Mkushi,ZM,2020-09-29 13:48:58,-13.62,29.39,92.68,15,56,12.55
205,Yumen,CN,2020-09-29 13:47:17,40.28,97.2,58.59,42,0,7.14
206,Yantzaza,EC,2020-09-29 13:48:58,-3.83,-78.76,69.8,64,20,8.05
207,Kavieng,PG,2020-09-29 13:47:04,-2.57,150.8,81.36,78,57,6.46
208,Ust-Maya,RU,2020-09-29 13:48:59,60.42,134.53,37.35,89,61,3.6
209,Paamiut,GL,2020-09-29 13:48:59,61.99,-49.67,34.3,78,0,15.9
210,Hue,VN,2020-09-29 13:48:59,16.47,107.6,77.0,94,40,2.24
211,Lebu,CL,2020-09-29 13:47:04,-37.62,-73.65,51.53,79,90,22.75
212,Longyearbyen,SJ,2020-09-29 13:49:00,78.22,15.64,41.0,75,75,17.22
213,Meadow Lake,US,2020-09-29 13:45:07,34.8,-106.54,46.4,36,20,6.93
214,Khatanga,RU,2020-09-29 13:47:06,71.97,102.5,31.26,99,100,11.21
215,Talnakh,RU,2020-09-29 13:47:16,69.49,88.4,33.8,100,90,11.18
216,Grafton,US,2020-09-29 13:49:00,42.21,-71.69,70.0,82,20,10.29
217,Kichera,RU,2020-09-29 13:49:01,55.94,110.1,42.22,81,100,3.36
218,Souillac,MU,2020-09-29 13:49:01,-20.52,57.52,75.2,78,75,8.05
219,San Quintin,MX,2020-09-29 13:47:31,30.48,-115.95,72.57,63,0,6.58
220,Obihiro,JP,2020-09-29 13:49:02,42.92,143.2,51.66,84,94,2.37
221,Mwene-Ditu,CD,2020-09-29 13:49:02,-7.0,23.45,82.92,59,65,2.06
222,Sao Gabriel Da Cachoeira,BR,2020-09-29 13:44:43,-0.13,-67.09,89.13,61,30,0.4
223,Amapa,BR,2020-09-29 13:49:03,1.0,-52.0,91.08,42,52,4.81
224,Itarema,BR,2020-09-29 13:49:03,-2.92,-39.92,87.98,52,31,18.61
225,Bhuj,IN,2020-09-29 13:49:03,23.27,69.67,86.27,50,1,8.61
226,Haradok,BY,2020-09-29 13:49:03,55.46,29.98,60.8,59,98,6.71
227,Mingshui,CN,2020-09-29 13:49:03,36.72,117.5,68.0,72,1,3.0
228,Caravelas,BR,2020-09-29 13:49:04,-17.71,-39.25,83.91,60,0,11.59
229,Burnie,AU,2020-09-29 13:44:36,-41.07,145.92,51.01,83,100,5.01
230,Bossangoa,CF,2020-09-29 13:49:04,6.49,17.46,80.92,82,100,3.76
231,Turukhansk,RU,2020-09-29 13:47:27,65.82,87.98,33.8,96,100,11.74
232,Fenoarivo,MG,2020-09-29 13:49:04,-18.93,47.44,78.8,26,15,12.75
233,Aguimes,ES,2020-09-29 13:49:05,27.91,-15.45,79.0,61,20,24.16
234,Jalu,LY,2020-09-29 13:49:05,29.03,21.55,106.02,9,0,12.12
235,Bac Lieu,VN,2020-09-29 13:49:05,9.29,105.72,79.54,81,66,8.12
236,Kamaishi,JP,2020-09-29 13:49:06,39.27,141.88,58.78,68,100,0.67
237,Cidreira,BR,2020-09-29 13:49:06,-30.18,-50.21,63.75,68,0,7.78
238,Vanimo,PG,2020-09-29 13:47:02,-2.67,141.3,79.75,84,29,6.22
239,Portland,US,2020-09-29 13:46:41,45.52,-122.68,63.0,87,1,3.36
240,Ola,RU,2020-09-29 13:49:06,59.58,151.28,44.69,81,100,11.03
241,Mudgee,AU,2020-09-29 13:49:07,-32.59,149.59,52.0,71,99,4.7
242,Ribeira Grande,PT,2020-09-29 13:45:01,38.52,-28.7,71.6,60,20,18.34
243,Santa Catarina De Tepehuanes,MX,2020-09-29 13:49:07,25.35,-105.73,56.01,67,88,6.33
244,Olinda,BR,2020-09-29 13:49:08,-8.01,-34.86,84.2,58,40,9.17
245,Mandiana,GN,2020-09-29 13:49:08,10.63,-8.68,91.29,49,26,4.12
246,Hithadhoo,MV,2020-09-29 13:44:17,-0.6,73.08,83.88,70,5,10.36
247,Luganville,VU,2020-09-29 13:49:08,-15.53,167.17,77.67,84,52,9.44
248,Manaus,BR,2020-09-29 13:45:43,-3.1,-60.02,75.2,94,75,4.7
249,Ancud,CL,2020-09-29 13:49:09,-41.87,-73.82,46.99,95,100,1.01
250,Santa Rosa,PH,2020-09-29 13:49:09,14.31,121.11,82.4,88,75,4.7
251,Lewistown,US,2020-09-29 13:49:09,40.6,-77.57,64.4,77,90,2.95
252,Ambilobe,MG,2020-09-29 13:49:10,-13.2,49.05,80.64,66,78,5.68
253,Saint Marys,US,2020-09-29 13:49:10,30.73,-81.55,78.01,94,1,8.05
254,Sola,VU,2020-09-29 13:47:30,-13.88,167.55,79.5,86,30,15.21
255,Praia Da Vitoria,PT,2020-09-29 13:47:06,38.73,-27.07,69.8,73,75,12.97
256,Puerto Del Rosario,ES,2020-09-29 13:49:10,28.5,-13.86,77.0,69,20,12.75
257,Bakel,SN,2020-09-29 13:49:11,14.9,-12.46,98.56,34,0,2.8
258,Grand Island,US,2020-09-29 13:45:32,40.92,-98.34,46.0,65,1,6.93
259,Geraldton,AU,2020-09-29 13:49:11,-28.77,114.6,57.2,71,40,4.7
260,Leningradskiy,RU,2020-09-29 13:49:12,69.38,178.42,33.08,86,56,10.31
261,Brainerd,US,2020-09-29 13:48:37,46.36,-94.2,48.2,81,90,6.93
262,Camapua,BR,2020-09-29 13:49:12,-19.53,-54.04,99.59,24,25,7.63
263,Newton,US,2020-09-29 13:49:12,42.34,-71.21,71.01,77,75,8.05
264,East London,ZA,2020-09-29 13:45:45,-33.02,27.91,64.4,59,1,27.51
265,Nishihara,JP,2020-09-29 13:49:13,26.18,127.76,78.8,69,40,6.93
266,Bulungu,CD,2020-09-29 13:49:13,-4.55,18.6,84.07,63,94,7.0
267,Macherla,IN,2020-09-29 13:49:13,16.48,79.43,77.88,84,100,3.38
268,Ilulissat,GL,2020-09-29 13:49:12,69.22,-51.1,28.4,58,75,4.32
269,Esna,EG,2020-09-29 13:49:14,25.29,32.55,107.6,18,0,4.7
270,Nabire,ID,2020-09-29 13:49:14,-3.37,135.48,77.56,86,99,3.13
271,Kemijarvi,FI,2020-09-29 13:49:14,66.71,27.43,52.7,82,91,4.72
272,Mandalgovi,MN,2020-09-29 13:49:14,45.76,106.27,46.87,53,100,7.0
273,Alberton,CA,2020-09-29 13:49:15,46.82,-64.07,69.67,78,65,21.0
274,Xining,CN,2020-09-29 13:49:15,36.62,101.77,57.63,52,66,6.82
275,Vanavara,RU,2020-09-29 13:49:15,60.34,102.28,31.17,93,94,4.97
276,Flin Flon,CA,2020-09-29 13:49:16,54.77,-101.86,46.4,87,75,8.05
277,Lloret De Mar,ES,2020-09-29 13:49:16,41.7,2.85,72.0,64,18,3.0
278,Altamont,US,2020-09-29 13:49:16,42.21,-121.74,51.01,70,1,4.7
279,Constitucion,CL,2020-09-29 13:45:16,-35.33,-72.42,51.8,76,100,13.22
280,Poim,RU,2020-09-29 13:49:16,53.03,43.19,59.86,42,100,9.78
281,Hay River,CA,2020-09-29 13:49:17,60.82,-115.8,46.4,81,75,20.8
282,Gimli,CA,2020-09-29 13:49:17,50.63,-96.99,48.99,99,7,3.0
283,Rosarito,MX,2020-09-29 13:49:17,32.33,-117.03,75.0,93,90,6.96
284,Moose Factory,CA,2020-09-29 13:49:17,51.26,-80.61,51.8,93,90,17.22
285,Faanui,PF,2020-09-29 13:47:10,-16.48,-151.75,78.17,79,1,20.89
286,Rio Cuarto,AR,2020-09-29 13:49:18,-33.13,-64.35,66.2,34,0,16.11
287,Beira,MZ,2020-09-29 13:49:18,-19.84,34.84,80.6,74,75,17.22
288,Dikson,RU,2020-09-29 13:44:19,73.51,80.55,35.87,83,99,16.35
289,Monrovia,LR,2020-09-29 13:49:18,6.3,-10.8,86.0,79,75,11.41
290,Greenfield,US,2020-09-29 13:49:09,42.96,-88.01,48.99,87,20,5.82
291,Lloydminster,CA,2020-09-29 13:45:04,53.28,-110.0,51.8,53,75,12.75
292,Galle,LK,2020-09-29 13:49:19,6.04,80.22,80.11,82,100,12.24
293,Kendari,ID,2020-09-29 13:47:14,-3.94,122.5,76.68,88,53,2.37
294,Abu Zabad,SD,2020-09-29 13:49:19,12.35,29.25,94.71,34,64,2.51
295,Bibbiena,IT,2020-09-29 13:49:19,43.7,11.81,73.99,59,39,4.61
296,Mikkeli,FI,2020-09-29 13:49:20,61.69,27.27,57.0,87,90,2.24
297,Beyneu,KZ,2020-09-29 13:49:20,45.32,55.2,61.83,31,0,6.17
298,Padang,ID,2020-09-29 13:46:46,-0.95,100.35,79.32,77,96,5.35
299,Shizunai,JP,2020-09-29 13:47:58,42.33,142.37,58.32,77,99,4.74
300,Bergen,NO,2020-09-29 13:49:20,60.39,5.33,53.01,100,90,8.05
301,Puerto Escondido,MX,2020-09-29 13:45:21,15.85,-97.07,75.2,78,90,8.05
302,Clyde River,CA,2020-09-29 13:47:22,70.47,-68.59,26.6,86,40,14.99
303,Ust-Tsilma,RU,2020-09-29 13:49:21,65.44,52.15,50.04,84,0,5.41
304,Deputatskiy,RU,2020-09-29 13:49:21,69.3,139.9,30.67,99,57,3.29
305,Chegdomyn,RU,2020-09-29 13:49:22,51.12,133.02,39.92,80,100,2.68
306,Richards Bay,ZA,2020-09-29 13:49:22,-28.78,32.04,65.28,81,81,10.89
307,Linqiong,CN,2020-09-29 13:49:22,30.42,103.46,77.0,69,96,6.71
308,Swan Hill,AU,2020-09-29 13:49:23,-35.34,143.55,56.61,73,100,8.72
309,Sandwick,GB,2020-09-29 13:49:23,60.0,-1.25,55.4,82,20,5.82
310,Havelock,US,2020-09-29 13:49:23,34.88,-76.9,73.99,94,75,3.36
311,Chuy,UY,2020-09-29 13:44:44,-33.7,-53.46,62.1,55,0,5.08
312,Zyryanka,RU,2020-09-29 13:49:24,65.75,150.85,46.15,76,100,5.01
313,Saskylakh,RU,2020-09-29 13:46:49,71.92,114.08,27.75,94,98,8.66
314,Abalak,RU,2020-09-29 13:49:24,58.13,68.59,40.12,71,0,2.86
315,Mar Del Plata,AR,2020-09-29 13:47:16,-38.0,-57.56,60.8,63,100,18.34
316,Sosva,RU,2020-09-29 13:49:25,59.18,61.86,50.54,88,85,4.81
317,Comodoro Rivadavia,AR,2020-09-29 13:49:25,-45.87,-67.5,39.2,93,90,4.7
318,Alekseyevsk,RU,2020-09-29 13:49:25,57.84,108.35,41.65,81,100,3.51
319,Boden,SE,2020-09-29 13:49:25,65.83,21.69,46.4,100,90,4.7
320,Cap Malheureux,MU,2020-09-29 13:49:26,-19.98,57.61,73.0,81,95,5.99
321,Pangnirtung,CA,2020-09-29 13:47:12,66.15,-65.71,30.2,74,75,2.24
322,Sabang,ID,2020-09-29 13:49:26,5.89,95.32,82.83,75,91,6.46
323,Bathsheba,BB,2020-09-29 13:49:26,13.22,-59.52,84.2,79,40,17.22
324,Honningsvag,NO,2020-09-29 13:49:27,70.98,25.97,59.0,67,0,11.41
325,Herat,AF,2020-09-29 13:49:27,34.5,62.0,64.4,27,0,17.22
326,Manono,CD,2020-09-29 13:49:28,-7.3,27.42,87.82,48,100,2.53
327,Sept-Iles,CA,2020-09-29 13:47:14,50.2,-66.38,57.2,100,75,5.82
328,Terrace,CA,2020-09-29 13:48:21,54.52,-128.6,50.0,100,90,4.7
329,Jaumave,MX,2020-09-29 13:49:28,23.42,-99.38,71.01,42,5,9.17
330,Banjarmasin,ID,2020-09-29 13:45:42,-3.32,114.59,75.2,100,90,2.24
331,Mitsamiouli,KM,2020-09-29 13:46:52,-11.38,43.28,78.67,70,36,0.54
332,Iztapa,GT,2020-09-29 13:49:28,13.93,-90.71,75.2,100,75,9.17
333,Ise,JP,2020-09-29 13:49:29,34.48,136.7,68.0,86,95,4.76
334,Mackenzie,CA,2020-09-29 13:45:07,55.3,-123.17,39.2,100,1,2.24
335,Kiruna,SE,2020-09-29 13:45:19,67.86,20.23,46.4,93,75,10.29
336,Cherskiy,RU,2020-09-29 13:44:46,68.75,161.3,39.96,71,100,14.38
337,Lac Du Bonnet,CA,2020-09-29 13:49:29,50.25,-96.06,48.99,99,0,3.0
338,Statesboro,US,2020-09-29 13:47:12,32.45,-81.78,78.8,83,90,8.05
339,The Valley,AI,2020-09-29 13:47:22,18.22,-63.06,84.2,88,40,17.22
340,Abakaliki,NG,2020-09-29 13:49:30,6.32,8.12,82.4,78,75,3.36
341,Kyrylivka,UA,2020-09-29 13:49:30,46.38,35.37,69.13,77,26,20.76
342,Coquimbo,CL,2020-09-29 13:49:31,-29.95,-71.34,55.4,71,90,4.7
343,Moram,IN,2020-09-29 13:49:31,17.8,76.47,77.05,72,63,8.19
344,Ketchikan,US,2020-09-29 13:49:31,55.34,-131.65,48.2,100,1,4.29
345,La Ronge,CA,2020-09-29 13:49:32,55.1,-105.28,44.6,75,75,8.05
346,Mount Isa,AU,2020-09-29 13:48:21,-20.73,139.5,66.2,29,0,5.57
347,Provideniya,RU,2020-09-29 13:49:32,64.38,-173.3,37.04,79,100,4.41
348,Hovd,MN,2020-09-29 13:49:32,48.01,91.64,41.79,61,100,11.41
349,Manavalakurichi,IN,2020-09-29 13:49:33,8.13,77.3,84.2,83,40,5.82
350,Vao,NC,2020-09-29 13:49:33,-22.67,167.48,67.78,72,0,17.78
351,Yulara,AU,2020-09-29 13:46:23,-25.24,130.99,73.4,49,0,11.41
352,Suntar,RU,2020-09-29 13:49:33,62.14,117.63,32.36,88,25,6.69
353,Dalhousie,IN,2020-09-29 13:49:34,32.53,75.98,58.84,57,0,6.02
354,Kutum,SD,2020-09-29 13:49:34,14.2,24.67,90.1,28,87,11.1
355,Kijang,KR,2020-09-29 13:49:35,35.24,129.21,64.4,68,90,6.93
356,Kieta,PG,2020-09-29 13:46:26,-6.22,155.63,76.53,75,93,4.36
357,Half Moon Bay,US,2020-09-29 13:49:35,37.46,-122.43,62.6,82,90,3.36
358,Teahupoo,PF,2020-09-29 13:49:36,-17.83,-149.27,75.2,83,20,3.36
359,Dwarka,IN,2020-09-29 13:49:36,22.24,68.97,82.35,70,0,9.86
360,Koindu,GN,2020-09-29 13:49:36,8.44,-10.33,85.17,71,29,1.41
361,Mata,PT,2020-09-29 13:49:37,40.68,-7.46,80.01,30,0,4.0
362,Uhlove,UA,2020-09-29 13:49:37,44.82,33.6,78.49,52,13,11.14
363,Srednekolymsk,RU,2020-09-29 13:47:15,67.45,153.68,46.63,65,100,5.82
364,Wyndham,US,2020-09-29 13:49:38,37.7,-77.61,72.0,94,75,4.7
365,Namatanai,PG,2020-09-29 13:47:19,-3.67,152.43,79.36,82,87,8.25
366,Ust-Kuyga,RU,2020-09-29 13:49:38,70.02,135.6,34.27,87,100,1.72
367,Neka,IR,2020-09-29 13:49:38,36.65,53.3,75.2,53,75,9.17
368,Vershino-Shakhtaminskiy,RU,2020-09-29 13:49:39,51.3,117.89,33.22,89,0,1.68
369,Ihosy,MG,2020-09-29 13:49:39,-22.4,46.12,83.57,30,6,10.42
370,Sobolevo,RU,2020-09-29 13:47:14,54.43,31.9,59.09,74,81,8.77
371,Ivanteyevka,RU,2020-09-29 13:49:39,55.97,37.92,62.6,44,100,8.95
372,Beruwala,LK,2020-09-29 13:49:40,6.48,79.98,79.3,84,100,11.25
373,Zhangye,CN,2020-09-29 13:49:40,38.93,100.45,64.11,42,29,4.7
374,Dunedin,NZ,2020-09-29 13:49:40,-45.87,170.5,37.99,76,94,5.99
375,Waipawa,NZ,2020-09-29 13:49:41,-41.41,175.52,44.01,75,91,4.7
376,Norman Wells,CA,2020-09-29 13:46:51,65.28,-126.83,37.4,100,75,13.87
377,Chiredzi,ZW,2020-09-29 13:49:41,-21.05,31.67,79.03,61,74,7.85
378,Lieksa,FI,2020-09-29 13:49:41,63.32,30.02,55.8,78,96,2.66
379,Mastic Beach,US,2020-09-29 13:49:42,40.77,-72.85,70.0,88,90,8.05
380,Ambon,ID,2020-09-29 13:49:42,-3.7,128.18,79.84,83,6,4.74
381,Neosho,US,2020-09-29 13:49:42,36.87,-94.37,48.99,88,0,8.75
382,Bubaque,GW,2020-09-29 13:49:42,11.28,-15.83,81.75,76,96,4.97
383,Strezhevoy,RU,2020-09-29 13:49:43,60.73,77.59,37.4,86,96,2.24
384,Okhotsk,RU,2020-09-29 13:49:43,59.38,143.3,45.0,79,100,7.31
385,Zhigansk,RU,2020-09-29 13:44:53,66.77,123.37,32.76,94,90,17.98
386,Ballina,AU,2020-09-29 13:49:43,-28.87,153.57,54.0,93,75,2.24
387,Petropavlovsk-Kamchatskiy,RU,2020-09-29 13:47:51,53.05,158.65,39.2,100,40,4.47
388,Presidencia Roque Saenz Pena,AR,2020-09-29 13:49:44,-26.79,-60.44,78.78,34,22,9.4
389,Numata,JP,2020-09-29 13:49:44,36.63,139.05,64.0,84,100,0.13
390,Yershichi,RU,2020-09-29 13:49:44,53.67,32.75,58.05,65,89,8.99
391,Kavaratti,IN,2020-09-29 13:49:44,10.57,72.64,81.41,80,40,13.15
392,Camacha,PT,2020-09-29 13:47:54,33.08,-16.33,73.4,64,40,12.75
393,Lavrentiya,RU,2020-09-29 13:49:45,65.58,-171.0,33.3,87,0,2.46
394,Wanxian,CN,2020-09-29 13:49:45,30.8,108.39,65.46,83,1,1.41
395,Havoysund,NO,2020-09-29 13:49:46,71.0,24.66,57.2,67,0,9.17
396,Biskupiec,PL,2020-09-29 13:49:46,53.86,20.96,59.0,77,75,8.05
397,Port Hedland,AU,2020-09-29 13:49:46,-20.32,118.57,73.4,78,0,8.05
398,Bilibino,RU,2020-09-29 13:49:46,68.05,166.44,31.98,91,100,1.54
399,Byron Bay,AU,2020-09-29 13:48:04,-28.65,153.62,54.0,93,75,2.24
400,Venado Tuerto,AR,2020-09-29 13:49:47,-33.75,-61.97,69.01,45,0,17.0
401,Rosetown,CA,2020-09-29 13:47:40,51.55,-108.0,52.0,70,100,3.0
402,Inuvik,CA,2020-09-29 13:45:54,68.35,-133.72,33.8,100,90,3.36
403,Jijiga,ET,2020-09-29 13:49:47,9.35,42.8,71.56,62,79,5.35
404,Saint Pete Beach,US,2020-09-29 13:49:48,27.73,-82.74,86.0,88,1,11.41
405,Taoudenni,ML,2020-09-29 13:46:14,22.68,-3.98,111.43,6,0,10.96
406,Bud,US,2020-09-29 13:49:48,39.45,-86.18,51.01,93,1,3.6
407,Roald,NO,2020-09-29 13:49:48,62.58,6.13,53.01,93,75,11.41
408,Miraflores,MX,2020-09-29 13:49:48,19.22,-98.81,57.2,87,90,12.75
409,Riyadh,SA,2020-09-29 13:49:02,24.69,46.72,100.4,11,0,11.41
410,Namtsy,RU,2020-09-29 13:49:49,62.72,129.67,42.8,87,40,8.95
411,Barcelos,PT,2020-09-29 13:49:49,41.54,-8.62,78.01,60,0,5.82
412,Leshukonskoye,RU,2020-09-29 13:47:55,64.9,45.76,51.39,73,9,4.47
413,Araouane,ML,2020-09-29 13:49:49,18.9,-3.53,103.98,11,0,2.39
414,Nanortalik,GL,2020-09-29 13:49:50,60.14,-45.24,37.18,72,0,20.96
415,Kisanga,TZ,2020-09-29 13:49:43,-7.44,37.7,91.18,36,57,9.98
416,Cayenne,GF,2020-09-29 13:49:50,4.93,-52.33,87.8,58,75,11.41
417,Fomboni,KM,2020-09-29 13:49:50,-12.28,43.74,78.12,70,12,1.83
418,Henties Bay,NA,2020-09-29 13:49:51,-22.12,14.28,57.99,79,0,4.0
419,Whitehorse,CA,2020-09-29 13:44:55,60.72,-135.05,28.4,79,5,3.36
420,Tabou,CI,2020-09-29 13:49:51,4.42,-7.35,79.7,84,27,12.24
421,Kuminskiy,RU,2020-09-29 13:49:52,58.67,66.57,41.4,74,17,5.28
422,Saurimo,AO,2020-09-29 13:49:52,-9.66,20.39,86.0,45,40,4.05
423,Chincha Alta,PE,2020-09-29 13:49:52,-13.41,-76.13,64.4,82,20,2.24
424,Port Hawkesbury,CA,2020-09-29 13:49:52,45.62,-61.35,71.01,88,90,9.17
425,Campbell River,CA,2020-09-29 13:45:06,50.02,-125.24,44.6,100,5,2.24
426,Aqtobe,KZ,2020-09-29 13:49:53,50.28,57.21,66.2,29,0,6.71
427,Belmonte,BR,2020-09-29 13:49:53,-15.86,-38.88,82.4,58,40,17.22
428,Ambunti,PG,2020-09-29 13:49:53,-4.24,142.84,74.46,96,88,1.97
429,Gusau,NG,2020-09-29 13:49:54,12.16,6.66,88.39,53,93,4.21
430,Klaeng,TH,2020-09-29 13:49:54,12.78,101.65,86.0,75,100,6.91
431,Topolobampo,MX,2020-09-29 13:49:55,25.6,-109.05,80.6,78,20,7.25
432,Ayan,RU,2020-09-29 13:49:55,56.45,138.17,48.24,75,100,9.6
433,Pisco,PE,2020-09-29 13:44:59,-13.7,-76.22,64.4,82,20,2.24
434,Itagi,BR,2020-09-29 13:49:56,-14.16,-40.01,91.49,32,3,5.91
435,Anaco,VE,2020-09-29 13:49:56,9.44,-64.47,83.61,68,11,9.82
436,Broome,US,2020-09-29 13:49:56,42.25,-75.83,68.0,93,90,9.17
437,Maarianhamina,AX,2020-09-29 13:49:57,60.1,19.93,57.2,87,90,9.17
438,Tando Adam,PK,2020-09-29 13:49:57,25.76,68.66,95.0,47,0,11.41
439,Longkou,CN,2020-09-29 13:49:57,37.65,120.33,64.8,63,56,16.58
440,Kanonji,JP,2020-09-29 13:49:58,34.12,133.65,71.01,85,49,0.89
441,Yaan,NG,2020-09-29 13:49:58,7.38,8.57,78.31,87,92,10.76
442,Marsh Harbour,BS,2020-09-29 13:49:58,26.54,-77.06,83.19,76,95,14.72
443,Luzhou,CN,2020-09-29 13:49:59,28.87,105.44,68.77,80,12,1.7
444,Krivosheino,RU,2020-09-29 13:49:59,57.34,83.93,34.84,86,52,6.13
445,Melfort,CA,2020-09-29 13:50:00,52.87,-104.62,48.2,66,1,12.75
446,Saint-Georges,GD,2020-09-29 13:49:54,12.06,-61.75,86.0,79,40,18.34
447,The Pas,CA,2020-09-29 13:50:00,53.83,-101.25,44.6,87,20,9.17
448,Oussouye,SN,2020-09-29 13:50:00,12.48,-16.55,89.6,75,75,6.93
449,Cabo San Lucas,MX,2020-09-29 13:50:01,22.89,-109.91,77.0,78,5,3.31
450,Rio Gallegos,AR,2020-09-29 13:46:37,-51.62,-69.22,33.8,69,79,18.34
451,Pangkalanbuun,ID,2020-09-29 13:50:01,-2.68,111.62,76.53,89,63,2.91
452,Dawei,MM,2020-09-29 13:50:02,14.08,98.2,77.76,90,91,6.4
453,Moree,AU,2020-09-29 13:50:02,-29.47,149.85,60.8,44,99,13.87
454,Lincoln,US,2020-09-29 13:49:15,40.8,-96.67,46.99,75,1,3.36
455,Massakory,TD,2020-09-29 13:50:03,13.0,15.73,93.11,42,83,4.38
456,Qaqortoq,GL,2020-09-29 13:50:03,60.72,-46.03,33.8,47,5,2.24
457,Liling,CN,2020-09-29 13:50:04,27.67,113.5,69.8,100,90,6.71
458,Wajid,SO,2020-09-29 13:50:04,3.81,43.25,92.44,31,100,15.23
459,Wabana,CA,2020-09-29 13:50:05,47.63,-52.95,69.01,88,75,25.28
460,Porbandar,IN,2020-09-29 13:50:05,21.64,69.61,81.99,70,7,11.5
461,Qom,IR,2020-09-29 13:50:05,34.64,50.88,70.92,36,0,14.7
462,Kidal,ML,2020-09-29 13:50:06,18.44,1.41,103.73,11,83,9.15
463,Chimbote,PE,2020-09-29 13:50:06,-9.09,-78.58,64.47,74,37,5.48
464,Brokopondo,SR,2020-09-29 13:50:07,4.75,-55.17,82.35,63,12,3.2
465,Bezhta,RU,2020-09-29 13:50:07,42.13,46.13,49.21,68,60,4.05
466,Mehamn,NO,2020-09-29 13:50:07,71.04,27.85,59.0,67,0,11.41
467,Sora,IT,2020-09-29 13:50:08,41.72,13.61,69.8,40,20,11.41
468,Alice Springs,AU,2020-09-29 13:50:08,-23.7,133.88,75.0,40,40,3.36
469,Labuhan,ID,2020-09-29 13:50:09,-6.88,112.21,80.62,74,8,8.99
470,Komsomolskiy,UZ,2020-09-29 13:50:09,40.43,71.72,64.4,32,100,4.7
471,Kamina,CD,2020-09-29 13:50:09,-8.74,24.99,75.54,67,90,8.66
472,Marystown,CA,2020-09-29 13:49:12,47.17,-55.15,66.99,100,100,1.01
473,Lompoc,US,2020-09-29 13:50:10,34.64,-120.46,57.2,100,90,3.36
474,Vidim,RU,2020-09-29 13:50:10,56.41,103.11,41.43,94,100,5.32
475,Mahebourg,MU,2020-09-29 13:50:11,-20.41,57.7,75.2,78,75,8.05
476,Isangel,VU,2020-09-29 13:47:35,-19.55,169.27,73.2,86,42,16.82
477,Zhanakorgan,KZ,2020-09-29 13:50:11,43.91,67.25,62.13,28,94,24.74
478,La Rioja,ES,2020-09-29 13:50:11,42.25,-2.5,69.8,37,94,2.24
479,Itupiranga,BR,2020-09-29 13:50:12,-5.13,-49.33,82.4,69,75,9.17
480,Oksfjord,NO,2020-09-29 13:50:12,70.24,22.35,57.2,71,0,4.7
481,Ponta Delgada,PT,2020-09-29 13:47:37,37.73,-25.67,69.8,77,40,16.11
482,Yongan,CN,2020-09-29 13:47:32,39.7,113.69,52.39,76,71,2.57
483,Jungapeo,MX,2020-09-29 13:50:12,19.45,-100.48,57.99,91,78,5.77
484,Mikhaylovka,RU,2020-09-29 13:50:12,50.06,43.24,69.01,24,64,5.99
485,Khani,GE,2020-09-29 13:50:12,41.96,42.96,82.4,32,1,25.28
486,Xai-Xai,MZ,2020-09-29 13:50:13,-25.05,33.64,74.52,78,82,12.33
487,Kudahuvadhoo,MV,2020-09-29 13:50:13,2.67,72.89,83.62,72,100,8.79
488,Mirnyy,RU,2020-09-29 13:50:13,62.54,113.96,32.0,92,75,8.95
489,Baruun-Urt,MN,2020-09-29 13:50:14,46.68,113.28,39.83,63,0,3.69
490,Moratuwa,LK,2020-09-29 13:50:14,6.77,79.88,78.8,94,40,4.7
491,Charters Towers,AU,2020-09-29 13:50:14,-20.1,146.27,64.76,73,0,14.65
492,Vila Do Maio,CV,2020-09-29 13:50:15,15.13,-23.22,86.0,62,40,16.11
493,Karachi,PK,2020-09-29 13:48:56,24.91,67.08,86.0,58,40,13.87
494,Kula,TR,2020-09-29 13:50:15,38.55,28.65,82.96,22,0,21.79
495,Isla Mujeres,MX,2020-09-29 13:50:03,21.23,-86.73,77.0,100,75,2.24
496,Baykit,RU,2020-09-29 13:50:15,61.67,96.37,31.01,92,0,4.52
497,Tiksi,RU,2020-09-29 13:50:16,71.69,128.87,32.47,96,100,4.21
498,Juba,SS,2020-09-29 13:49:46,4.85,31.58,85.77,61,55,2.95
499,Batagay-Alyta,RU,2020-09-29 13:50:16,67.8,130.41,29.39,94,27,5.28
500,Calvinia,ZA,2020-09-29 13:50:17,-31.47,19.78,64.96,24,0,7.11
501,Huntsville,US,2020-09-29 13:50:17,34.73,-86.59,57.99,100,75,5.64
502,Changli,CN,2020-09-29 13:50:17,39.7,119.15,55.71,44,0,4.34
503,Palu,ID,2020-09-29 13:49:40,-0.89,119.87,76.44,81,89,1.74
504,Cabcaben,PH,2020-09-29 13:50:17,14.45,120.59,82.4,83,75,4.7
505,Tra Vinh,VN,2020-09-29 13:50:18,9.93,106.35,78.19,89,99,4.14
506,Atasu,KZ,2020-09-29 13:50:18,48.68,71.64,53.73,65,3,10.98
507,Svetlogorsk,BY,2020-09-29 13:50:18,52.63,29.73,61.7,56,100,12.19
508,Berdigestyakh,RU,2020-09-29 13:50:19,62.1,126.7,33.6,92,82,4.97
509,Niamey,NE,2020-09-29 13:47:33,13.51,2.11,95.0,39,33,6.93
510,Joshimath,IN,2020-09-29 13:50:19,30.57,79.57,59.07,52,18,2.3
511,Shanghai,CN,2020-09-29 13:48:07,31.22,121.46,75.2,60,87,6.71
512,Alanya,TR,2020-09-29 13:50:20,36.54,32.0,89.6,70,4,5.82
513,Bagnols-Sur-Ceze,FR,2020-09-29 13:50:20,44.16,4.62,73.0,43,81,16.11
514,Toledo,ES,2020-09-29 13:50:20,39.83,-4.0,73.0,23,0,3.53
515,Nouadhibou,MR,2020-09-29 13:47:15,20.93,-17.03,86.0,51,0,12.75
516,Camara De Lobos,PT,2020-09-29 13:50:21,32.63,-16.97,75.2,60,40,14.99
517,Tabuk,PH,2020-09-29 13:50:21,17.42,121.44,75.7,90,95,3.38
518,Tezu,IN,2020-09-29 13:50:22,27.92,96.17,77.76,75,2,3.31
519,Flinders,AU,2020-09-29 13:50:22,-34.58,150.86,57.0,77,100,1.01
520,Vigrestad,NO,2020-09-29 13:50:22,58.57,5.7,57.0,99,100,17.34
521,Zheshart,RU,2020-09-29 13:50:22,62.07,49.57,51.76,82,96,4.12
522,Thinadhoo,MV,2020-09-29 13:50:23,0.53,72.93,83.08,76,100,12.82
523,Kokopo,PG,2020-09-29 13:50:23,-4.35,152.26,77.36,84,100,9.95
524,Roros,NO,2020-09-29 13:50:23,62.57,11.38,55.4,87,75,11.41
525,Tomatlan,MX,2020-09-29 13:50:24,19.93,-105.25,78.31,90,100,2.55
526,Linares,CL,2020-09-29 13:50:24,-35.85,-71.6,49.15,79,100,8.59
527,Green River,US,2020-09-29 13:50:24,41.53,-109.47,37.4,34,1,6.93
528,Bafilo,TG,2020-09-29 13:50:24,9.35,1.27,84.2,58,40,3.36
529,Vallenar,CL,2020-09-29 13:50:25,-28.57,-70.76,64.08,45,0,3.98
530,Kargasok,RU,2020-09-29 13:50:25,59.06,80.86,36.18,82,92,6.11
531,Mlonggo,ID,2020-09-29 13:50:25,-6.53,110.7,78.08,81,100,14.12
532,Waingapu,ID,2020-09-29 13:50:26,-9.66,120.26,79.36,77,0,8.39
533,General Roca,AR,2020-09-29 13:50:26,-39.03,-67.58,59.0,44,78,14.99
534,Bichura,RU,2020-09-29 13:50:26,50.59,107.6,43.86,62,35,1.07
535,La Macarena,CO,2020-09-29 13:50:27,2.18,-73.78,81.75,74,36,4.32
536,Cuamba,MZ,2020-09-29 13:50:27,-14.8,36.54,95.88,19,86,5.61
537,Norsup,VU,2020-09-29 13:50:27,-16.07,167.38,77.41,83,45,11.21
538,Chapaevsk,RU,2020-09-29 13:50:28,52.98,49.71,66.2,34,0,4.47
539,Mayumba,GA,2020-09-29 13:50:28,-3.43,10.66,77.76,71,90,7.67
540,Sao Miguel Do Araguaia,BR,2020-09-29 13:50:28,-13.28,-50.16,101.89,14,1,7.81
541,North Las Vegas,US,2020-09-29 13:50:28,36.2,-115.12,69.8,18,1,6.93
542,Pringsewu,ID,2020-09-29 13:50:29,-5.36,104.97,74.19,91,73,3.06
543,Troitskoye,RU,2020-09-29 13:50:29,52.98,84.68,37.9,92,100,16.24
544,Staritsa,RU,2020-09-29 13:50:29,56.51,34.94,59.81,68,71,6.67
545,Guane,CU,2020-09-29 13:50:29,22.2,-84.09,83.59,76,8,9.19
546,Ostrovnoy,RU,2020-09-29 13:46:58,68.05,39.51,53.4,72,0,16.02
547,Shelburne,CA,2020-09-29 13:50:30,44.08,-80.2,57.99,87,20,9.17
548,Novyy Urengoy,RU,2020-09-29 13:50:30,66.08,76.63,40.23,69,100,9.13
549,Los Llanos De Aridane,ES,2020-09-29 13:50:30,28.66,-17.92,78.8,65,40,6.93
550,Puerto Lleras,CO,2020-09-29 13:50:31,3.02,-73.4,81.3,74,64,3.44
551,Tahoua,NE,2020-09-29 13:47:20,14.89,5.27,95.0,41,51,4.7
552,Butembo,CD,2020-09-29 13:50:31,0.15,29.28,66.11,96,100,1.9
553,Moss Vale,AU,2020-09-29 13:50:32,-34.55,150.38,55.0,87,100,3.36
554,Norrtalje,SE,2020-09-29 13:50:32,59.76,18.7,61.0,89,100,1.99
555,Wad Madani,SD,2020-09-29 13:50:32,14.4,33.52,102.11,20,37,5.03
556,Lata,PT,2020-09-29 13:46:13,40.16,-8.33,81.0,43,0,6.89
557,Kampong Cham,KH,2020-09-29 13:50:33,11.99,105.46,78.84,87,100,3.33
558,Gweta,BW,2020-09-29 13:50:33,-20.18,25.23,99.21,13,49,10.49
559,Redmond,US,2020-09-29 13:50:34,47.67,-122.12,55.99,93,0,3.27
560,Eureka,US,2020-09-29 13:47:54,40.8,-124.16,62.01,71,75,4.61
561,Zhireken,RU,2020-09-29 13:50:34,52.82,117.31,36.68,80,0,2.26
562,Sao Jose Da Coroa Grande,BR,2020-09-29 13:50:34,-8.9,-35.15,79.9,65,50,9.84
563,Stabat,ID,2020-09-29 13:50:35,3.76,98.45,77.22,93,100,0.94
564,Mangrol,IN,2020-09-29 13:50:35,21.12,70.12,80.98,74,2,11.95
565,Saint-Pierre,RE,2020-09-29 13:50:35,-21.34,55.48,75.99,73,35,13.87
566,Sisimiut,GL,2020-09-29 13:50:36,66.94,-53.67,31.03,94,100,3.76
567,Seoul,KR,2020-09-29 13:49:54,37.57,126.98,66.2,77,1,4.32
568,Varhaug,NO,2020-09-29 13:50:36,58.61,5.65,57.0,99,100,17.56
569,Webuye,KE,2020-09-29 13:50:36,0.61,34.77,75.2,38,40,14.99
570,Guaymas,MX,2020-09-29 13:50:37,27.93,-110.9,79.0,58,28,3.0
571,Havre-Saint-Pierre,CA,2020-09-29 13:50:37,50.23,-63.6,60.8,100,90,2.24
572,Mount Gambier,AU,2020-09-29 13:50:37,-37.83,140.77,55.4,87,90,9.17
573,Raduzhnyy,RU,2020-09-29 13:50:38,62.1,77.47,38.64,75,99,8.81
574,Muros,ES,2020-09-29 13:50:38,42.78,-9.06,73.99,59,0,1.99
575,Yabrud,SY,2020-09-29 13:50:38,33.97,36.66,98.6,12,0,6.93
576,Mogadishu,SO,2020-09-29 13:50:38,2.04,45.34,82.4,69,75,11.41
577,Algiers,DZ,2020-09-29 13:50:39,36.75,3.04,84.2,48,100,11.41
578,Sovetskiy,RU,2020-09-29 13:50:39,61.36,63.58,47.01,94,88,6.13
579,Port Keats,AU,2020-09-29 13:50:39,-14.25,129.55,82.15,73,6,7.67
580,Marovoay,MG,2020-09-29 13:50:40,-16.1,46.63,84.2,62,20,16.11
581,Kibondo,TZ,2020-09-29 13:50:40,-3.59,30.72,81.12,41,99,5.14
582,Taman,RU,2020-09-29 13:50:40,45.21,36.72,78.8,54,40,8.95
583,Acapulco,MX,2020-09-29 13:50:40,16.86,-99.89,80.6,78,90,8.05
584,Pindiga,NG,2020-09-29 13:50:41,9.98,10.93,76.41,81,100,6.98
585,Myitkyina,MM,2020-09-29 13:50:41,25.38,97.4,79.97,78,43,0.81
586,Cravo Norte,CO,2020-09-29 13:50:41,6.3,-70.2,84.13,69,93,6.06
587,Abu Samrah,SY,2020-09-29 13:47:05,35.3,37.18,97.0,14,0,15.19
588,Itaituba,BR,2020-09-29 13:50:42,-4.28,-55.98,87.8,62,0,5.82
589,Kibala,TD,2020-09-29 13:50:42,9.11,18.35,89.6,59,40,2.24
590,Damghan,IR,2020-09-29 13:50:42,36.17,54.35,62.4,36,95,9.57
591,Corinto,GR,2020-09-29 13:50:43,37.94,22.96,77.0,51,0,15.01
592,Pucallpa,PE,2020-09-29 13:47:11,-8.38,-74.55,77.47,82,99,5.01
